год,том,поэты,количество уникальных поэтов,страницы с поэзией,количество страниц с поэзией,процент страниц с поэзией,количество стихов,процент стихов от всех произведений
1955,1,"Берестов Валентин, Грибачёв Николай, Маршак Самуил, Раскин А., Щипачёв Степан",5,"3, 9, 55, 106, 107, 108, 111",7,"6,3",7,"14,0"
1955,2,"Асеев Николай, Ваншенкин Константин, Глущенко Валентин, Дзю-И Бо, Хэ Чжи-Чжан",5,"3, 17, 36, 44",4,"3,6",5,"17,9"
1955,3,"Барто Агния, Бершадский Виктор, Борев Юрий, Рождественский Роберт, Хикмет Назым",5,"3, 4, 19, 85, 100, 111",6,"5,4",5,"15,6"
1955,4,"Берестов Валентин, Ваншенкин Константин",2,"3, 10",2,"1,8",2,"9,1"
1955,5,"Евтушенко Евгений, Карпеко Владимир, Кравчук Максим, Яковлев Юрий",4,"3, 4, 36, 43, 65, 66, 67, 68, 69, 70, 71",11,"9,8",4,"14,8"
1955,6,"Блок Александр, Векслер М., Домрин В., Друнина Юлия, Калимуллин И., Кириллов К., Красноперов С., Кривобокова Л., Турумбетов Ходжамурат, Фоняков Илья",10,"3, 4, 17, 18, 44, 84, 111",7,"6,3",10,"32,3"
1955,7,"Досталь Андрей, Дубровин Борис, Коржиков Виталий, Лифшиц Владимир, Максимов Марк, Ряшенцев Юрий, Яковлев Юрий",7,"2, 20, 37, 38, 65, 77, 109",7,"6,3",7,"28,0"
1956,1,"Берестов Валентин, Бялосинская Нина, Гордиенко Юрий, Марков А., Наровчатов Сергей, Сорин Семён, Субботин В., Шаховский Борис",8,"3, 70, 74, 75, 76, 80",6,"5,4",13,"38,2"
1956,2,"Виноградов Виктор, Винокуров Евгений, Дубровин Борис, Заходер Борис, Коржиков Виталий, Михалков Сергей, Свирин Владимир, Смышляев Юрий, Солодарь Цезарь, Щипахина Людмила, Ястребцев Валентин",11,"2, 40, 61, 62, 63, 64, 74, 75, 109, 110, 111",11,"9,8",20,"54,1"
1956,3,"Гамзатов Расул, Кедрин Дмитрий, Островой Сергей",3,"37, 38, 54",3,"2,7",3,"16,7"
1956,4,"Беляев Михаил, Берестов Валентин, Доризо Николай, Коринец Ю., Полухин Ю.",5,"3, 29, 46, 47, 48, 49, 50, 51, 52, 53, 78, 79",12,"10,7",7,"38,9"
1956,5,"Ангабаев Солбон, Барто Агния, Кирсанов Семен, Кончаловская Наталья, Найдич Михаил, Николаевская Елена, Павлинов Владимир, Тушнова Вероника, Шишло Константин",9,"3, 29, 30, 31, 52, 60, 61, 62, 87, 95",10,"8,9",17,"47,2"
1956,6,"Мартынов Леонид, Милявский Анатолий, Ошанин Лев, Упеник Микола",4,"3, 4, 5, 31, 32, 55",6,"5,4",7,"31,8"
1956,7,"Алтайский Константин, Доризо Николай, Полякова Надежда, Фогельсон С., Шишло Константин",5,"2, 3, 4, 5, 6, 7, 8, 16, 41, 54, 85",11,"9,8",7,"31,8"
1956,8,"Ваншенкин Константин, Денисов Юрий, Жаров Александр, Коржиков Виталий, Фрумкин Григорий, Хелемский Яков, Чан Куен, Шерешевский Лазарь",8,"36, 37, 56, 59, 74, 75, 98",7,"6,3",13,"43,3"
1956,9,"Малколм Том, Наровчатов Сергей",2,"3, 4",2,"1,8",2,"13,3"
1956,10,"Вильчек Всеволод, Заболоцкий Николай, Казакова Римма, Мурзиди Константин, Новосельнова Нина, Рождественский Роберт, Смирнов Лев",7,"11, 53, 90, 91",4,"3,6",7,"35,0"
1956,11,"Григорьева Вера, Карпеко Владимир, Карпов Николай, Медведева Надежда, Павлинов Владимир, Петров Геннадий, Шаховский Борис",7,"2, 3, 30, 31, 71",5,"4,5",8,"44,4"
1956,12,"Виноградов Виктор, Кобзев Игорь, Левин Григорий, Львов Михаил, Старшинов Николай, Тараховская Елизавета, Чиков Анатолий, Яшин Александр",8,"3, 12, 56, 93, 100",5,"4,5",11,"55,0"
1957,1,"Алигер Маргарита, Доризо Николай, Мартынов Леонид",3,"2, 3, 4, 5, 6",5,"4,3",4,"22,2"
1957,2,"Барто Агния, Белов В., Блантер Борис, Казакова Римма, Кривошеенко Л., Павлинов Владимир, Рыленков Николай",7,"22, 47, 48, 81, 110",5,"4,3",13,"39,4"
1957,3,Кеулькут В.,1,"94, 95, 96, 97",4,"3,4",5,"20,8"
1957,4,"Есенин Сергей, Мартынов Леонид, Рахим-Заде Боки, Смирнов Сергей, Терещенко Дина",5,"2, 3, 30, 31, 32, 51, 52, 68",8,"6,9",6,"27,3"
1957,5,"Беляев Михаил, Виноградов Виктор, Гмырев Алексей, Мао Цзе-дун, Шерешевский Лазарь, Щипахина Людмила",6,"3, 54, 55, 56, 57, 58, 59, 60, 80, 83",10,"8,6",7,"28,0"
1957,6,"Арбитжер Ю., Балкарова Ф., Берестов Валентин, Заурих Алексей, Лапиров И., Молодяков Вячеслав, Озерова Ирина, Ошанин Лев, Софронов Анатолий, Тхагазитов З.",10,"3, 4, 5, 37, 38, 39, 46",7,"6,0",18,"47,4"
1957,7,"Берестов Валентин, Бхаттачария Суканта, Крамер Аарон, Ласло Надь, Малколм Том, Сафир Ион, Стефанова Лиляна, Хан Юн Хо, Ямамото Минору",9,"5, 60, 61, 62",4,"3,4",9,"42,9"
1957,8,"Васильев Сергей, Карпов Николай, Пеньков Александр, Сабельников Алексей, Соложенкина Светлана, Тополь Эдуард, Фере Георгий",7,"20, 28, 29, 48, 49",5,"4,3",13,"43,3"
1957,9,"Гордейчев Владимир, Журавлев Василий, Квливидзе Михаил, Коржиков Виталий, Озеров Лев, Пулат Сайар, Сидоров Валентин, Сумманен Тайсто, Тополь Эдуард, Халил Зейнал, Шаховский Борис, Эркемен, Юхимович Василий",13,"2, 38, 39, 40, 89, 95, 99, 110",8,"6,9",20,"52,6"
1957,10,"Беретарь Хамид, Горбань Евгений, Константинов Евгений, Мартынов Леонид, Рамазанов Бадави, Рождественский Роберт, Тетцоев Таймураз",7,"41, 70, 71, 108, 110",5,"4,3",8,"32,0"
1957,11,"Агравал Кедар Натх, Вершинин Михаил, Виноградов Виктор, Коржавин Наум, Скотников И., Софронов Анатолий, Тихонов Николай, Яковлев Юрий",8,"3, 38, 39, 44, 45, 108",6,"5,2",11,"47,8"
1957,12,"Босиков Николай, Гоголев Иван, Данилов Семён, Лиснянская Инна, Марьямов А., Олейников А., Ошанин Лев, Петраков Михаил, Тобуроков Петр, Щербинин Михаил",10,"36, 37, 47, 48, 49, 59",6,"5,2",14,"38,9"
1958,1,"Бунин Иван, Гамзатов Расул, Дубровин Борис, Корюн Мкртич, Марков Сергей, Матеу Хулио, Старшинов Николай, Тарасенко Л., Черноморцев Лев, Шаховский Борис",10,"3, 4, 21, 27, 31, 32, 88, 112",8,"7,1",11,"33,3"
1958,2,"Артамонов Сергей, Гончаров Виктор, Доризо Николай, Заходер Борис, Коваленков Александр, Лифшиц Владимир, Наровчатов Сергей, Островой Сергей, Свирин Владимир, Смирнов Сергей, Старшинов Николай, Суслович Никита",12,"3, 4, 17, 18, 24, 50, 68, 69, 97, 108, 109, 112",12,"10,7",13,"44,8"
1958,3,"Берестов Валентин, Григорьева Вера, Иодковский Эдмунд, Кахидзе Медея, Мачавариани М., Темпест Питер, Халваши Фридон",7,"24, 25, 26, 47, 73",5,"4,5",11,"30,6"
1958,4,"Боков Виктор, Вознесенский Андрей, Мурзиди Константин, Ржавский Иосиф, Храмов Евгений",5,"8, 9, 51, 82",4,"3,6",9,"40,9"
1958,5,"Дхаван Прем, Найдич Михаил, Рождественский Роберт, Рыленков Николай",4,"3, 25, 32, 33, 64, 65",6,"5,4",4,"15,4"
1958,6,"Агеев Николай, Виноградов Виктор, Лисянский Марк, Мартынов Леонид, Ошанин Лев, Эмин Геворг",6,"26, 31, 32, 62, 86",5,"4,5",11,"26,2"
1958,7,"Гринин Семён, Дмитриев Олег, Жданов Игорь, Ким Ляско, Коршунов Евгений, Костров Владимир, Кузьмина Маргарита, Медведева Надежда, Мельников Юрий, Полежаева Надежда, Поперечный Анатолий, Пуцыло Борис, Саркисян Гарик, Столяров Валентин, Шаферан Игорь, Щербак Юрий",16,"4, 5, 6, 7, 8, 9, 10, 11, 12, 73",10,"8,9",28,"50,9"
1958,8,"Габоева Зоя, Жичка Федор, Кугультинов Давид, Павлинов Владимир, Шесталов Иван",5,"7, 8, 13",3,"2,7",9,"25,0"
1958,9,"Аль-Баяти, Белявская Вера, Кадокура Вакэ, Кика Мэри, Кэ Чжун-пин, Левушкин Анатолий, Мурси Ахмад, Орлов Василий, Островой Сергей, Папков Константин, Танака Камэтаро, Ту Ань  (Китай)",12,"5, 6, 7, 94, 95, 104",6,"4,7",14,"41,2"
1958,10,"Безыменский Александр, Лифшиц Владимир, Смеляков Ярослав",3,"2, 7, 8, 128",4,"3,1",3,"7,1"
1958,11,"Бабаев В., Виноградов Виктор, Гришин М., Казанцев Василий, Карл Маркс, Коржиков Виталий, Лифшиц Владимир, Мерзликин Л., Молчанов Иван, Найдич Михаил, Пашнев Эдуард, Полякова Надежда, Рыленков Николай, Соколов Владимир, Суслович Никита, Танин Яков, Чиков Анатолий, Щелоков Юрий",18,"3, 4, 5, 6, 7, 24, 56, 66, 70, 93, 126, 127",12,"9,4",28,"54,9"
1958,12,"Бейлин А., Берсенева Р., Братский А., Васильев Сергей, Войнович В., Гончаров Н., Недорезов И., Орлов Борис, Осипов Юрий, Сорин Семён, Урушева Лидия, Фёдорова Аида, Шаховский Борис, Ярков Влас",14,"25, 26, 27, 28, 29, 64, 67, 68, 75, 123",10,"7,8",23,"57,5"
1959,1,"Артамонов Ростислав, Бернс Роберт, Григорьева Вера, Гринин Семён, Дубровин Борис, Евтушенко Евгений, Любомская Елена, Медведева Надежда, Павлинов Владимир, Порядин В., Саркисян Гарик, Старшинов Николай, Храмов Евгений, Шаховский Борис",14,"40, 68, 69, 70, 71, 72, 78, 86, 96, 104, 112",11,"9,8",19,"52,8"
1959,2,"Вязовой Юрий, Мартынов Леонид, Мельников Юрий, Петухов Виктор, Пуппо Игорь, Хелемский Яков, Шаховский Борис, Юхимович Василий",8,"3, 4, 56, 57, 63, 64, 65, 101",8,"7,1",12,"40,0"
1959,3,"Виноградов Виктор, Гольский Е., Кириллин Борис, Краснов Николай, Рождественский Роберт, Столяров Валентин",6,"3, 41, 63, 64, 74",5,"4,5",9,"36,0"
1959,4,"Башев Владимир, Власов Николай, Левчев Любомир, Муртазов Борис, Овезбердыев Сапармурад, Павлинов Владимир, Рабаданов Сулейман, Станишев Крысто",8,"3, 22, 23, 24, 50, 71, 72, 73, 74",9,"8,0",10,"27,8"
1959,5,"Айтмуратов Даулен, Вавилин Михаил, Варно В., Иванов Григорий, Ковенацкий В., Мурзиди Константин, Подмогильный А., Радкевич Владимир, Рыленков Николай, Рязанов Павел",10,"3, 4, 23, 42, 47, 65, 66, 67, 68, 85, 97, 98",12,"10,7",11,"33,3"
1959,6,"Берестов Валентин, Виноградов Виктор, Кржижановский Г. М., Минин Д., Телеукэ Виктор",5,"3, 55, 62, 63, 64, 66, 67",7,"6,3",5,"22,7"
1959,7,"Братский А., Еремеев Г., Павлинов Владимир, Петров Юрий, Рахманин Борис, Ткачев С.",6,"49, 64, 65",3,"2,7",8,"30,8"
1959,8,"Вознесенский Андрей, Григорьева Вера, Шефнер Вадим",3,"66, 72",2,"1,8",6,"21,4"
1959,9,"Гамзатов Расул, Дмитриев Олег, Корнеев Артур, Морев Юрий, Хабинский Марк",5,"3, 30, 31, 69",4,"3,6",7,"43,8"
1959,10,"Аквилев Анатолий, Боков Виктор, Мартынов Леонид, Миронов Вадим, Сельвинский Илья, Сиротин Борис, Ушаков Николай",7,"32, 33, 72, 73, 74",5,"4,5",16,"57,1"
1959,11,"Дубровин Борис, Костров Владимир, Мальц Владимир, Сиротин Борис",4,"3, 4, 46, 55, 56, 57",6,"5,4",11,"37,9"
1959,12,"Дмитриев Олег, Евтушенко Евгений, Сорин Семён",3,"24, 25, 26, 27, 28, 95, 112",7,"6,0",20,"57,1"
1960,1,"Крепин Марат, Кряквин Евгений, Маршак Самуил, Сорин Семён",4,"44, 54, 55, 56, 57, 58, 59, 60, 79",9,"8,0",4,"18,2"
1960,2,"Дрофенко Сергей, Евтушенко Евгений, Костров В., Самуруков В., Сорин Семён",4,"3, 4, 50, 87",4,"3,6",6,"28,6"
1960,3,"Балкарова Ф., Борисова Майя, Демыкина Галина, Кашежева Инна, Рождественский Роберт",5,"2, 3, 4, 5, 6, 28, 29",7,"6,3",17,"47,2"
1960,4,"Дмитриев Олег, Лискер Виктор, Павлинов Владимир, Сорин Семён",4,"5, 6, 14",3,"2,7",10,"30,3"
1960,5,"Ахмадулина Белла, Грибачёв Николай, Дегутите Янина, Кирсанов Семен, Павлинов Владимир",5,"2, 3, 66, 67, 72, 73",6,"5,4",14,"42,4"
1960,6,"Гринин Семён, Карпов Николай, Куняев Станислав, Леванский Владимир, Лысцов Иван, Назаров Вячеслав, Никитина Тамара, Савельев Владимир, Синицын Евгений, Сухарев Дмитрий, Шкода Вадим",11,"46, 47, 48, 49, 50, 51, 52",7,"6,3",17,"42,5"
1960,7,"Долматовский Евгений, Казакова Римма, Раскин А., Рыленков Николай, Шефнер Вадим",5,"48, 49, 50, 51, 52, 53, 112",7,"6,3",21,"53,8"
1960,8,"Долматовский Евгений, Ильин Евгений, Крутецкий В., Кучинский Евгений, Мориц Юнна, Полякова Надежда, Храмов Евгений",7,"20, 21, 22, 23, 24, 70, 71, 72, 73, 74, 75, 76, 77, 78, 79, 80, 111",17,"15,2",40,"78,4"
1960,9,"Антонов Иван, Вознесенский Андрей, Сухарев Дмитрий, Чуев Феликс",4,"54, 55, 56, 63, 71",5,"4,5",13,"46,4"
1960,10,"Дмитриев Олег, Евсеева Светлана, Жирмунская Татьяна, Кашежева Инна, Матвеева Новелла, Рождественский Роберт",6,"42, 43, 45, 46, 47, 48, 49, 69",8,"7,1",27,"64,3"
1960,11,"Доризо Николай, Семернин Вадим, Сорин Семён",3,"11, 12, 13, 14, 36, 37, 111",7,"6,3",14,"45,2"
1960,12,"Дмитриев Пётр, Евтушенко Евгений, Костров Владимир, Харитонов Роман, Шефнер Вадим",5,"3, 4, 5, 6, 7, 24, 25, 54, 109",9,"8,0",22,"44,0"
1961,1,"Лиснянская Инна, Львов Михаил, Старшинов Николай",3,"48, 49, 50, 51",4,"3,6",14,"46,7"
1961,2,"Киреев Р., Рождественский Роберт, Смирнов Лев, Шаховский Борис",4,"28, 29, 30, 31, 32, 33, 34, 35, 52, 111",10,"8,9",6,"20,7"
1961,3,"Алигер Маргарита, Коржиков Виталий, Павлинов Владимир, Сорин Семён, Стефанович Борис, Храмов Евгений",6,"1, 2, 45, 46, 47, 48, 49, 50, 76",9,"8,0",14,"43,8"
1961,4,"Арго А., Богданов О., Боков Виктор, Винокуров Евгений, Вознесенский Андрей, Гордейчев Владимир, Дмитриев Олег, Долматовский Евгений, Доризо Николай, Дрофенко Сергей, Друнина Юлия, Дубровин Борис, Евсеева Светлана, Евтушенко Евгений, Жигулин Анатолий, Иодковский Эдмунд, Кашежева Инна, Кашпуров И., Ковалев Д., Костров В., Самуруков В., Кузнецов Вадим, Кулемин В., Кучинский Евгений, Лиснянская Инна, Лисянский Марк, Львов Михаил, Мартынов Леонид, Мориц Юнна, Мурзиди Константин, Ошанин Лев, Парфентьев Виктор, Петров Геннадий, Прокофьев Александр, Рыленков Николай, Слуцкий Борис, Соколов Владимир, Солохин В., Софронов Анатолий, Сурков Алексей, Сухарев Валерий, Татьяничева Л., Терещенко Дина, Тушнова Вероника, Ушаков Николай, Хакимов Р., Халупович И., Цыбин Владимир, Шефнер Вадим, Щербак Юрий, Якушев Н.",50,"2, 3, 4, 5, 6, 7, 8, 9, 10, 11, 12, 13, 14, 15, 16",15,"13,4",50,"75,8"
1961,5,"Берестов Валентин, Друнина Юлия, Евтушенко Евгений, Прокофьев Александр, Субботин М.",5,"2, 41, 42, 43, 44, 45, 74, 85",8,"7,1",19,"39,6"
1961,6,"Ваншенкин Константин, Карпов Игорь, Касьянов Николай, Кучинский Евгений, Кушнер Александр, Леванский Владимир, Луговой Владимир, Мелехин Павел, Рахманин Борис, Рябчиков Г., Сатуновская Е., Темин Леонид",12,"1, 2, 35, 36, 37, 38, 39, 40, 41, 58",10,"8,9",36,"62,1"
1961,7,"Акаев Кубанычбек, Бадаев Алексей, Барто Агния, Боков Виктор, Бровка Петрусь, Вольский Артур, Гагуа Хута, Гринчак Василь, Давыдов Василий, Ерикеев Ахмед, Квливидзе Михаил, Кинжебулатова Катиба, Крома Монта, Ледков Василий, Малышко Андрей, Муртазов Борис, Немтушкин Алитет, Овезбердыев Сапармурад, Попов Владимир, Расул Рза, Рыльский Максим, Ханфенов Алим, Шахтаманов Омар Гаджи, Шмань Геннадий, Шогенцуков Адам",25,"25, 26, 27, 28, 29, 30, 31, 32, 67, 68, 112",11,"9,8",27,"65,9"
1961,8,"Дементьев Андрей, Кашежева Инна, Костров Владимир, Прокофьев Александр, Соколова Валерия",5,"15, 16, 25, 26, 44, 66, 75",7,"6,3",21,"48,8"
1961,9,"Асламов Михаил, Дмитриев Олег, Долматовский Евгений, Доризо Николай, Дрофенко Сергей, Костров Владимир, Лисянский Марк, Павлинов Владимир, Румарчук Лариса, Храмов Евгений",10,"5, 37, 38, 39, 49, 50, 55, 56, 57, 70, 71, 91, 92",13,"11,6",26,"49,1"
1961,10,"Долматовский Евгений, Заяц Анатолий, Иодковский Эдмунд, Кузнецов Валентин, Луговой Владимир, Молодяков Вячеслав, Наумов Юрий, Рождественский Роберт, Сорин Семён, Халупский Игорь",10,"9, 10, 46, 47, 48, 49, 85, 86",8,"7,1",15,"44,1"
1961,11,"Виноградов Виктор, Долинский Даниил, Карабчиевский Ю., Кашежева Инна, Коршунов Анатолий, Мартынов Леонид, Мориц Юнна, Петров Юрий, Рахманин Борис",9,"2, 3, 19, 69, 70, 71, 82, 83, 84",9,"8,0",19,"63,3"
1961,12,"Винокуров Евгений, Гамзатов Расул, Евтушенко Евгений, Коржиков Виталий, Кузовлева Татьяна, Рывлин Аркадий",6,"30, 50, 51, 52, 53, 65, 66",7,"6,3",25,"56,8"
1962,1,"Алшутов Александр, Дмитриев Олег, Доризо Николай, Корнилов Борис, Костров Владимир, Левитанский Юрий, Маркин Евгений, Парфентьев Виктор, Передреев Анатолий, Светлов Михаил, Флоров Герман",11,"3, 23, 24, 25, 26, 52, 60, 61, 62, 65, 66",11,"9,8",29,"61,7"
1962,2,"Ахмадулина Белла, Божилов Божидар, Ваншенкин Константин, Вегин Петр, Долматовский Евгений, Дубровин Борис, Мартынов Леонид, Слуцкий Борис",8,"3, 4, 5, 31, 38, 39, 40, 41, 72",9,"8,0",25,"59,5"
1962,3,"Друнина Юлия, Жирмунская Тамара, Казакова Римма, Кулиев Кайсын, Лиснянская Инна, Матвеева Новелла, Румарчук Лариса, Старшинов Николай",8,"28, 29, 30, 31, 32, 35, 50, 51, 81, 112",10,"8,9",27,"58,7"
1962,4,"Карпеко Владимир, Коржавин Наум, Мартынов Леонид, Поликарпов Сергей, Саулитис Бруно, Сидоров Валентин",6,"2, 9, 10, 11, 40, 41, 69, 104",8,"7,1",19,"57,6"
1962,5,"Дмитриев Олег, Козлова Светлана, Костров Владимир, Куликов Спартак, Старшинов Николай, Шкода Вадим",6,"1, 6, 7, 41, 58, 59, 64, 109, 110",9,"8,0",17,"45,9"
1962,6,"Дементьев Андрей, Заурих Алексей, Карпов Николай, Кац Генрих, Окуджава Булат, Рождественский Роберт, Слепакова Нонна, Черевичник Леонид",8,"35, 36, 37, 56, 57, 58, 59, 60",8,"7,1",24,"53,3"
1962,7,"Багрицкий Всеволод, Боков Виктор, Винонен Роберт, Волгин Игорь, Зиедонис Имант, Каменецкий Юрий, Куняев Борис, Машбаш Исхак, Михайлик Юрий, Огнев П., Фоняков Илья, Хелемский Яков, Чистяков Антонин",13,"17, 18, 27, 28, 29, 35, 36, 37, 68, 69, 76, 90, 109",13,"11,6",35,"66,0"
1962,8,"Доризо Николай, Касьянов Николай, Мелехин Павел, Серпин Яков, Солнцев Роман, Уоллес Джо",6,"2, 3, 4, 50, 51, 52, 53, 54, 82, 83, 87",11,"9,8",24,"63,2"
1962,9,"Боков Виктор, Дмитриев Олег, Жирмунская Тамара, Королева Нина, Кучинский Евгений, Кушнер Александр, Пискарёв Анатолий, Рыскулов Рамис, Халупович Вадим, Щипахина Людмила",10,"2, 3, 4, 5, 6, 7, 8, 41, 81, 86, 87",11,"9,8",27,"62,8"
1962,10,"Аксельрод Елена, Ваганова Любовь, Заурих Алексей, Коган Павел, Луговой Владимир, Ряшенцев Юрий, Солнцева Надежда, Чухонцев Олег",8,"53, 54, 55, 56, 57, 58, 59, 60, 76, 77",10,"8,9",26,"61,9"
1962,11,"Бадаев Алексей, Боташев Исса, Луговой Владимир, Львов Михаил, Маршак Самуил, Слуцкий Борис",6,"1, 2, 37, 62, 63, 64, 65, 81",8,"7,1",26,"63,4"
1962,12,"Гнеушев Владимир, Епифанов Евгений, Катаев Валентин, Кондратьев Алексей, Михалков Сергей, Поляков Юрий, Халиф Лев, Цыбин Владимир",8,"14, 15, 16, 17, 18, 19, 20, 21, 22, 23, 24, 25, 26, 27, 28, 29, 30, 31, 32, 33, 34, 73",22,"19,6",21,"52,5"
1963,1,"Балин Александр, Винокуров Евгений, Вознесенский Андрей, Джусойты Нафи, Завальнюк Леонид, Павлинов Владимир, Яшин Александр",7,"48, 49, 61, 62, 63, 65, 66, 75, 82, 96",10,"8,9",28,"58,3"
1963,2,"Капутикян Сильва, Козловский Яков, Мориц Юнна, Окуджава Булат, Файнберг Владимир, Шавырин Юрий",6,"27, 28, 29, 30, 58, 59, 67, 68, 69, 111",10,"8,9",25,"53,2"
1963,3,"Абдуллина Лира, Кашежева Инна, Котляр Эльмира, Лотяну Эмиль, Мартынов Леонид, Маршак Самуил, Рождественский Роберт, Шевелева Екатерина",8,"3, 4, 38, 39, 40, 41, 76, 77, 81, 82",10,"8,9",19,"48,7"
1963,4,"Гринин Семён, Искандер Фазиль, Либин М., Сосюра Владимир, Чичибабин Борис, Щипачёв Степан",6,"12, 82, 83, 91, 92, 93, 94, 110",8,"7,1",20,"37,7"
1963,5,"Арбитжер Ю., Гордейчев Владимир, Дементьев Андрей, Киреев Р., Коржиков Виталий, Кузнецов Валентин, Угренинов Геннадий, Фатнев Юрий",8,"3, 4, 5, 37, 38, 39, 49, 52, 87, 111, 112",11,"9,8",23,"48,9"
1963,6,"Белкин Владилен, Волгин Игорь, Костров Владимир, Либин М., Павлинов Владимир, Поварцов Сергей, Романов Игорь, Светлов Михаил, Сергеев Марк",9,"2, 3, 4, 5, 6, 47, 48, 49, 50, 51, 72, 110, 112",13,"11,6",32,"56,1"
1963,7,"Волгин Игорь, Головенчиц Михаил, Злотников Натан, Искандер Фазиль, Михеев Александр, Ревич Александр, Ханчев Веселин, Хикмет Назым, Щипачёв Степан",9,"2, 3, 17, 49, 50, 51, 54, 55, 56, 57, 81",11,"9,8",25,"55,6"
1963,8,"Вазех Мирза Шафи, Доризо Николай, Заурих Алексей, Москвитин Александр, Носков Ф., Пуцыло Борис, Сухарев Дмитрий",7,"12, 13, 14, 15, 16, 36, 37, 88, 89, 90, 91, 110",12,"10,7",34,"64,2"
1963,9,"Безыменский Александр, Евтушенко Евгений, Жирмунская Тамара, Искандер Фазиль, Казакова Римма, Носков Ф., Рихтер Ю., Ряшенцев Юрий, Татаринов В.",9,"37, 38, 39, 40, 57, 58, 59, 60, 61, 86, 111, 112",12,"10,7",28,"58,3"
1963,10,"Гамзатов Расул, Рождественский Роберт",2,"2, 3, 4, 5, 6, 7, 8, 9, 10, 11, 12, 13, 45, 46",14,"12,5",6,"20,0"
1963,11,"Багрицкий Эдуард, Вознесенский Андрей, Дмитриев Олег, Кашежева Инна, Кешоков Алим, Коваль-Волков Александр, Сокол Владимир, Щипачёв Степан",8,"2, 32, 33, 34, 35, 36, 60, 61, 62, 63, 67, 72, 80",13,"11,6",23,"57,5"
1963,12,"Алигер Маргарита, Берестов Валентин, Друнина Юлия, Карем Морис, Рыленков Николай, Слуцкий Борис, Соколов Владимир",7,"3, 25, 26, 27, 28, 29, 42, 43, 44",9,"8,0",31,"63,3"
1964,1,"Афанасьев Виктор, Ахмадулина Белла, Дмитриев Олег, Межелайтис Эдуардас, Френкель А.",5,"1, 7, 8, 9, 39, 40, 41, 42, 43, 44, 45, 46, 102",13,"11,6",9,"31,0"
1964,2,"Ваншенкин Константин, Вегин Петр, Глазов Григорий, Друнина Юлия, Жданов Игорь, Заславский Риталий, Окуджава Булат, Старшинов Николай, Фимин Валерий, Цыбин Владимир, Щипачёв Степан",11,"2, 3, 4, 5, 6, 21, 22, 23, 24, 31, 32, 58, 72",13,"11,6",18,"54,5"
1964,3,"Васильева Лариса, Королева Нина, Кулиев Кайсын, Мартынов Леонид, Мориц Юнна",5,"4, 5, 34, 74, 75, 102, 103, 104, 105",9,"8,0",24,"50,0"
1964,4,"Ахматова Анна, Винокуров Евгений, Ласков Иван, Павлинов Владимир, Рецептер Владимир, Рождественский Роберт, Савельев Владимир",7,"4, 5, 6, 7, 23, 24, 37, 38, 39, 63, 69",11,"9,8",21,"53,8"
1964,5,"Искандер Фазиль, Казакова Римма, Козловский Яков, Методиев Димитр, Светлов Михаил, Файнберг Владимир",6,"3, 4, 5, 46, 66, 67, 76, 95",8,"7,1",18,"41,9"
1964,6,"Аронов Александр, Ахундова Алла, Губанов Леонид, Мальцева Надежда, Новиков Николай, Рубцов Николай, Творогова Валентина, Тимофеев Лев, Шапошников Вячеслав, Шопырев Сергей, Юдахин Александр",11,"4, 5, 6, 7, 8, 65, 66, 67, 68, 72",10,"8,9",29,"46,0"
1964,7,"Беляев Михаил, Вознесенский Андрей, Рождественский Роберт, Улзытуев Дондок, Щипачёв Степан, Яшин Александр",6,"2, 3, 4, 5, 6, 7, 23, 24, 25, 26, 46, 47, 64",13,"11,6",23,"59,0"
1964,8,"Безыменский Александр, Боков Виктор, Дагуров Владимир, Доризо Николай, Дубровин Борис, Поперечный Анатолий",6,"28, 29, 30, 31, 32, 33, 34, 75, 111",9,"8,0",23,"46,9"
1964,9,"Дмитриев Олег, Казанцев Василий, Керлер Иосиф, Мориц Юнна, Сейфуллин Сакен, Цыбин Владимир, Яшин Александр",7,"1, 40, 46, 47, 48, 57, 64, 69",8,"7,1",7,"31,8"
1964,10,"Барто Агния, Винокуров Евгений, Голубков Дмитрий, Лисянский Марк, Смеляков Ярослав, Смирнов Лев, Эмин Геворг",7,"1, 42, 43, 44, 45, 58, 65, 106, 107, 108",10,"8,9",7,"29,2"
1964,11,"Агеев Леонид, Берггольц Ольга, Бобышев Дмитрий, Борисова Майя, Галушко Татьяна, Глозман Григорий, Горбовский Глеб, Городницкий Александр, Ефимова Марина, Королева Нина, Кушнер Александр, Плисецкий Герман, Полякова Надежда, Прокофьев Александр, Рытов Александр, Смирнов Лев, Тарутин Олег, Халупович Вадим, Шкляринский Александр",19,"1, 4, 5, 6, 49, 50, 51, 52, 65, 66, 67, 68, 69, 70, 71",15,"13,4",48,"58,5"
1964,12,"Ваншенкин Константин, Гамзатов Расул, Окуджава Булат, Старшинов Николай",4,"32, 33, 34, 35, 72, 73, 74, 81",8,"7,1",29,"56,9"
1965,1,"Искандер Фазиль, Окуджава Булат, Преловский Анатолий, Шефнер Вадим, Шкляревский Игорь",5,"20, 21, 22, 23, 24, 25, 26, 73, 107",9,"8,0",21,"45,7"
1965,2,"Коржиков Виталий, Куняев Станислав, Слуцкий Борис, Сулейменов Олжас, Цанев Стефан",5,"32, 33, 34, 35, 36, 37, 38, 68, 69",9,"8,0",30,"54,5"
1965,3,"Друнина Юлия, Казакова Римма, Кашежева Инна, Лиснянская Инна, Матвеева Новелла, Мориц Юнна, Невская Тамара, Тушнова Вероника, Чухонцев Олег",9,"4, 5, 6, 7, 8, 9, 10, 11, 12, 41, 42",11,"9,8",38,"62,3"
1965,4,Евтушенко Евгений,1,"27, 28, 29, 30, 31, 32, 33, 34, 35, 36, 37, 38, 39, 40, 41, 42, 43, 44, 45, 46, 47, 48, 49, 50, 51, 52, 53, 54, 55, 56, 57, 58, 59, 60, 61, 62, 63, 64, 65, 66, 67",41,"35,3",1,"3,3"
1965,5,"Берггольц Ольга, Бровка Петрусь, Ваншенкин Константин, Винокуров Евгений, Галкина Галка, Геловани Мирза, Гудзенко Семён, Друнина Юлия, Дудин Михаил, Карим Мустай, Кулиев Кайсын, Межелайтис Эдуардас, Наровчатов Сергей, Ревич Александр, Ринк Игорь, Светлов Михаил, Сергеев Владимир, Симонов Константин, Слуцкий Борис, Старшинов Николай, Сурков Алексей, Танк Максим, Тихонов Николай, Хелемский Яков, Хузангай Педер, Чернов Юрий",26,"3, 4, 5, 6, 7, 8, 9, 10, 11, 12, 20, 21, 93, 111",14,"12,5",28,"57,1"
1965,6,"Ахмадулина Белла, Вознесенский Андрей, Дмитриев Олег, Евсеева Светлана, Евтушенко Евгений, Завальнюк Леонид, Заурих Алексей, Костров Владимир, Павлинов Владимир, Рождественский Роберт, Сухарев Дмитрий, Храмов Евгений",12,"30, 31, 32, 33, 34, 35, 43, 60, 61, 62, 63, 64, 65",13,"11,6",31,"51,7"
1965,7,"Ахматова Анна, Винокуров Евгений, Дементьев Андрей, Мартынов Леонид, Ряшенцев Юрий, Щипачёв Степан",6,"25, 26, 27, 28, 30, 50, 51, 56, 57, 58, 59",11,"9,8",49,"69,0"
1965,8,"Белкин Владилен, Ваншенкин Константин, Гагуа Хута, Доризо Николай, Искандер Фазиль, Матусовский Михаил, Пастернак Борис, Приходько Владимир",8,"28, 29, 30, 31, 32, 33, 34, 35, 60, 61, 64, 70, 71",13,"11,6",39,"54,9"
1965,9,"Гамзатов Расул, Заходер Борис, Коржавин Наум, Райнис Ян, Светлов Михаил",5,"29, 30, 31, 32, 58, 59, 60, 65, 66, 67, 68",11,"9,8",22,"48,9"
1965,10,"Боков Виктор, Злотников Натан, Константинов Евгений, Кулиев Кайсын, Матвеева Новелла, Солодарь Цезарь, Шаламов Варлам",7,"3, 4, 5, 6, 7, 42, 43, 44, 112",9,"8,0",37,"59,7"
1965,11,"Кугультинов Давид, Павлинов Владимир, Рождественский Роберт, Шатилов Николай, Щипачёв Степан",5,"3, 4, 5, 27, 28, 29, 64, 65",8,"7,1",17,"43,6"
1965,12,"Багучаров Александр, Баярамукова Халимат, Геловани Мирза, Дудин Михаил, Корнилов Владимир, Окуджава Булат, Смирнов Лев, Ушаков Николай",8,"8, 9, 10, 11, 12, 81, 82, 83",8,"7,1",26,"59,1"
1966,1,"Дамиан Ливиу, Евтушенко Евгений, Жигулин Анатолий, Мартынов Леонид",4,"48, 49, 50, 51, 52, 53, 54",7,"6,3",17,"44,7"
1966,2,"Белшевица Визма, Британишский Владимир, Вациетис Ояр, Глазов Григорий, Джалиль Муса, Дрофенко Сергей, Жданов Игорь, Львов Михаил, Николаев Александр, Селга Гунар",10,"16, 55, 56, 57, 58, 59, 69, 70, 71",9,"8,0",31,"54,4"
1966,3,"Дементьев Андрей, Дмитриев Олег, Дмоховский Александр, Кашежева Инна, Колесникова Юлиана, Коркина Алла, Костров Владимир, Куксов Юрий, Соложенкина Светлана, Старшинов Николай, Тимофеев Лев, Улуро Адо, Шевелева Тамара, Шкляревский Игорь",14,"3, 4, 41, 42, 43, 44, 45, 65, 66",9,"8,0",31,"58,5"
1966,4,"Ваншенкин Константин, Васильев Флор, Винокуров Евгений, Коротич Виталий, Костенко Лина, Лисянский Марк, Олейник Борис, Сынгаевский Микола, Фоняков Илья",9,"6, 17, 53, 54, 75, 76, 81, 82",8,"7,1",27,"54,0"
1966,5,"Безыменский Александр, Голодный Михаил, Доризо Николай, Карпеко Владимир, Колосов Марк, Кулиев Кайсын, Ойслендер Александр, Прасолов Алексей, Слуцкий Борис, Уткин Иосиф, Шаховский Борис",11,"36, 37, 38, 39, 45, 46, 69, 89, 90, 91",10,"8,9",32,"53,3"
1966,6,"Ахмадулина Белла, Бородулин Рыгор, Гордейчев Владимир, Казанцев Василий, Рубцов Николай, Рыленков Николай, Чухонцев Олег",7,"17, 18, 19, 20, 58, 59, 60",7,"6,3",25,"49,0"
1966,7,"Бардин Владимир, Голубков Дмитрий, Дмитриев Олег, Иоффе Сергей, Матвеева Новелла, Окуджава Булат, Смеляков Ярослав, Сухарев Валерий, Улзытуев Дондок",9,"24, 25, 26, 27, 33, 34, 39, 63, 64",9,"8,0",28,"52,8"
1966,8,"Евтушенко Евгений, Кушнер Александр, Мориц Юнна, Рождественский Роберт, Халил Зейнал, Шефнер Вадим",6,"2, 3, 4, 5, 43, 44, 45, 60, 65",9,"8,0",26,"66,7"
1966,9,"Беляев Михаил, Болквадзе Заур, Вейцман Марк, Габричидзе Нелли, Джансуг Чарквиани, Искандер Фазиль, Кахидзе Медея, Назаров Вячеслав, Нишнианидзе Шота, Поцхишвили Морис, Стуруа Лиа, Сухарев Дмитрий, Чантурия Тариэл, Чиладзе Тамаз, Шаламов Варлам, Щипачёв Степан",16,"4, 6, 7, 11, 12, 13, 14, 46, 47, 48",10,"8,9",30,"50,8"
1966,10,"Винокуров Евгений, Давыдов Сергей, Жамитдин Г., Завальнюк Леонид, Куняев Станислав, Лиснянская Инна, Попов Леонид",7,"4, 5, 6, 7, 8, 22, 52, 111",8,"7,1",30,"56,6"
1966,11,"Бабаджан Рамз, Багандов Газим-Бег, Беличенко Юрий, Вышеславский Леонид, Костюрин Диомид, Кудинов Михаил, Макеев Василий, Мартынов Леонид, Смирнов Виктор, Софронов Анатолий, Тараканова Лариса, Третьяков Анатолий, Шаповалов Михаил",13,"2, 3, 24, 25, 26, 44, 45, 68, 69, 111",10,"8,9",34,"61,8"
1966,12,"Бембеев Тимофей, Боков Николай, Гамзатов Расул, Гребнев Наум, Друнина Юлия, Злотников Натан, Инджиев Лиджи, Кронгауз Анисим, Преловский Анатолий",9,"2, 3, 4, 27, 28, 29, 30, 31, 32, 44",10,"8,9",33,"55,0"
1967,1,"Ахмадулина Белла, Гулям Гафур, Казакова Римма, Кулиев Кайсын, Львов Михаил, Щипачёв Степан",6,"38, 39, 62, 63, 64, 70, 71, 72",8,"7,1",26,"48,1"
1967,2,"Вьюнник Леонид, Коротич Виталий, Костров Владимир, Краснов Иван, Кузнецов Валентин, Плисецкий Герман, Сорока Леонид, Старшинов Николай, Филиппов Ростислав, Шкляревский Игорь",10,"2, 3, 11, 12, 13, 14, 15, 16, 17, 74",10,"8,9",35,"55,6"
1967,3,"Антошкин Евгений, Ваганова Любовь, Жирмунская Тамара, Кашежева Инна, Лакербай Юрий, Рабинович Вадим, Слепакова Нонна, Смирнов Юрий, Фатьянов Владислав, Фокина Ольга, Чиковани Симон",11,"2, 3, 4, 5, 6, 43, 57, 58",8,"7,1",28,"56,0"
1967,4,"Ботвинник Семён, Ваншенкин Константин, Жиенбаев Саги, Окуджава Булат, Слуцкий Борис, Трескунов Семён, Храмов Евгений, Хузангай Педер",8,"2, 3, 4, 5, 38, 39, 40, 41, 69",9,"8,0",35,"60,3"
1967,5,"Барто Агния, Винокуров Евгений, Дементьев Андрей, Завальнюк Леонид, Лотяну Эмиль, Твардовский Александр, Шаламов Варлам",7,"2, 3, 53, 54, 77, 81, 82",7,"6,3",18,"47,4"
1967,6,"Берггольц Ольга, Голубков Дмитрий, Зиновьев Николай, Кубатьян Георгий, Кулиев Кайсын, Тимофеевский Александр, Усенко Юрий",7,"41, 42, 43, 44, 66, 67",6,"5,4",25,"54,3"
1967,7,"Долматовский Евгений, Ливадитис Тасос, Мартынов Леонид, Мориц Юнна, Ушаков Николай",5,"23, 24, 25, 26, 54, 55, 56, 57, 58, 63, 64, 78",12,"10,7",44,"66,7"
1967,8,"Ветемаа Энн, Дудин Михаил, Козловский Яков, Руммо Пауль-Эрик, Ряшенцев Юрий, Старшинов Николай, Цыбин Владимир",7,"15, 16, 17, 18, 46, 47, 65, 66",8,"7,1",22,"46,8"
1967,9,"Ахмадулина Белла, Джансуг Чарквиани, Королева Нина, Куняев Станислав, Рождественский Роберт, Савельев Владимир, Семенов Глеб, Танк Максим",8,"3, 4, 5, 31, 32, 33, 34, 35, 36, 76",10,"8,9",27,"57,4"
1967,10,"Британишский Владимир, Дмитриев Олег, Кежун Бронислав, Курбаннепесов Керим, Марцинкявичюс Юстинас, Щипачёв Степан",6,"30, 31, 65, 66, 67, 68, 74, 75, 76",9,"8,0",27,"56,3"
1967,11,"Гамзатов Расул, Межелайтис Эдуардас, Михалков Сергей, Мухтар Аскад, Рыльский Максим, Сагиян Амо, Сурков Алексей",7,"3, 47, 48, 49, 57, 58, 59, 86, 87",9,"8,0",23,"52,3"
1967,12,"Маршак Самуил, Рождественский Роберт",2,"2, 3, 4, 5, 6, 7, 8, 50",8,"7,1",8,"36,4"
1968,1,"Евтушенко Евгений, Кугультинов Давид, Чухонцев Олег",3,"2, 7, 29, 30",4,"3,6",17,"50,0"
1968,2,"Ваншенкин Константин, Винокуров Евгений, Друнина Юлия, Дубровин Борис, Окуджава Булат, Урин Виктор",6,"11, 12, 18, 70, 71, 72",6,"5,4",28,"65,1"
1968,3,"Ахматова Анна, Балашов Эдуард, Ботвинник Семён, Векслер Ася, Гитович Александр, Казанцев Василий, Кашежева Инна, Кузовлева Татьяна, Потапенков Николай, Преловский Анатолий, Рубцов Николай, Смеляков Ярослав",12,"10, 11, 36, 66, 67, 68, 77, 78",8,"7,1",34,"54,0"
1968,4,"Абашидзе Григол, Амашукели Резо, Вышеславский Леонид, Дрофенко Сергей, Жигулин Анатолий, Завальнюк Леонид, Лисянский Марк, Нонешвили Иосиф, Чиладзе Отар",9,"2, 3, 46, 47, 52, 53, 54, 60",8,"7,1",30,"60,0"
1968,5,"Белкин Владилен, Берестов Валентин, Глазов Григорий, Доризо Николай, Емельянов Виктор, Мартынов Леонид, Мошковская Эмма, Слуцкий Борис, Хикмет Назым, Шаламов Варлам, Шкляревский Игорь",11,"23, 24, 25, 26, 27, 28, 48, 49, 50, 78, 82, 111",12,"10,7",66,"75,0"
1968,6,"Мориц Юнна, Сурков Алексей, Щипачёв Степан, Эмин Геворг, Яшин Александр",5,"35, 36, 37, 47, 48, 65, 66, 67, 68, 72",10,"8,9",19,"54,3"
1968,7,"Резник Валентин, Кузнецов Юрий, Петров Владимир, Насунов Джангар, Симоненко Василь, Савельев Иван, Лапин Владимир, Сенкевич Александр, Пирогова Наталья,  Петухов Анатолий, Коськов Лев, Марченко Эмма, Укачин Борис, Рогов Алексей, Гин Виктор, Азизов Альберт, Бармичев Валерий, Чапка Екатерина, Дымова Лорина, Ковда Вадим, Вассерман Ян, Рябинина Наталья, Мережников Николай, Бабаев Ибрагим, Юрков Олег, Миллер Лариса, Шамансур Юсуф, Потехина Ирина, Корниенко Владимир, Маркиш Давид, Краско Валерий, Рубин Валерий",32,"3, 4, 5, 6, 19, 20, 21, 51, 52, 53, 54",11,"9,8",32,"64,0"
1968,8,"Казакова Римма, Карим Мустай, Куняев Станислав, Рождественский Роберт, Шефнер Вадим",5,"12, 13, 14, 15, 26, 27, 65, 66, 67",9,"8,0",18,"40,0"
1968,9,"Бараташвили Николоз, Бровка Петрусь, Гамзатов Расул, Гордейчев Владимир, Джемс Паттерсон, Злотников Натан, Левитанский Юрий, Мухамед Садри, Сайяр",9,"9, 10, 39, 40, 66, 68, 69",7,"6,3",28,"63,6"
1968,10,"Боков Виктор, Вагабзаде Бахтияр, Садык Финрет, Слуцкий Борис, Степанюк Борислав",5,"9, 10, 11, 12, 56, 57, 59",7,"6,3",20,"48,8"
1968,11,"Барто Агния, Вегин Петр, Дементьев Андрей, Дмитриев Олег, Кербабаев Берды, Кушнер Александр, Семенов Глеб, Фоняков Илья, Храмов Евгений",9,"2, 3, 36, 37, 38, 39, 54, 65, 66",9,"8,0",9,"34,6"
1968,12,"Винокуров Евгений, Голубков Дмитрий, Марцинкявичюс Юстинас, Невская Тамара, Рыленков Николай, Хрилев Леонид",6,"20, 21, 22, 31, 32, 42, 59",7,"6,3",6,"26,1"
1969,1,"Бусуйок Аурелну, Ваншенкин Константин, Виеру Григоре, Жирмунская Тамара, Кодру Анатол, Кулиев Кайсын, Телеукэ Виктор, Цыбин Владимир",8,"19, 20, 61, 62, 63, 64, 65, 66",8,"7,1",33,"67,3"
1969,2,"Гагуа Хута, Друнина Юлия, Квливидзе Михаил, Кислик Наум, Мельников Юрий, Поленов Владимир, Сычев Виктор, Урин Виктор, Хорошавцев Геннадий",9,"2, 3, 4, 5, 21, 22, 23, 24",8,"7,1",23,"59,0"
1969,3,"Богучаров Александр, Васильева Лариса, Кузнецов Валентин, Мартынов Леонид, Озерова Ирина, Рождественский Роберт, Сангаджиева Бося, Шаламов Варлам, Шамкенов Аманжол",9,"40, 41, 42, 43, 44, 54, 58, 65, 66, 67",10,"8,9",40,"67,8"
1969,4,"Арипов Абдулла, Вахидов Эркин, Джаббаров Джуманиаз, Жигулин Анатолий, Лисянский Марк, Слуцкий Борис, Трескунов Семён",7,"2, 3, 4, 5, 6",5,"4,5",35,"66,0"
1969,5,"Ахмадулина Белла, Завальнюк Леонид, Лесин Александр, Мовчан Павло, Ржавский Иосиф, Ринк Игорь, Тарасова Марина, Шкляревский Игорь",8,"35, 36, 37, 48, 49, 50, 51, 64",8,"7,1",34,"63,0"
1969,6,"Аминов Магомед, Ахматова Анна, Головенчиц Михаил, Ряшенцев Юрий, Халупович Вадим, Шевелев Александр, Шкляринский Александр",7,"10, 11, 22, 23, 55, 65, 66, 67",8,"7,1",20,"44,4"
1969,7,"Глазков Николай, Данилов Семён, Дмитриев Олег, Ковальджи Кирилл, Мориц Юнна, Павлинов Владимир, Поженян Григорий, Сорин Семён",8,"42, 43, 44, 45, 46, 56, 57, 87",8,"7,1",27,"64,3"
1969,8,"Бурабкин Геннадий, Винокуров Евгений, Кашежева Инна, Козловский Яков, Левитанский Юрий, Пьянов Алексей",6,"40, 41, 42, 43, 44, 69, 70",7,"6,3",25,"64,1"
1969,9,"Бромберг Давид, Дрофенко Сергей, Жиенбаев Саги, Кугультинов Давид, Куняев Станислав, Рубцов Николай, Сухарев Дмитрий, Юшков Геннадий",8,"2, 41, 42, 43, 65, 66, 78, 91",8,"7,1",27,"62,8"
1969,10,"Барто Агния, Вегин Петр, Глазов Григорий, Мартынов Леонид, Смирнов Лев, Соколовский Александр, Токмагамбетов Аскар",7,"2, 3, 4, 35, 36, 37, 38, 39, 69",9,"8,0",20,"58,8"
1969,11,"Антошкин Евгений, Балтакис Альгимантас, Берестов Валентин, Васильев Флор, Вышеславский Леонид, Петонов Владимир, Шевелева Екатерина",7,"2, 3, 4, 65, 66, 67",6,"5,4",31,"63,3"
1969,12,"Доризо Николай, Злотников Натан, Марченко Эмма, Новиков Николай, Передреев Анатолий, Сагиян Амо",6,"29, 30, 31, 32, 33, 38, 80",7,"6,3",29,"64,4"
1970,1,"Акопян Акоп, Арский Павел, Васильева А., Виртанен Ялмари, Галактион Табидзе, Герасимов Михаил, Казакова Римма, Кешоков Алим, Малахов Сергей, Полетаев Николай, Рождественский Роберт, Сейфуллин Сакен, Табидзе Тициан",13,"4, 5, 6, 36, 37, 38, 39, 81, 82, 83",10,"8,9",28,"58,3"
1970,2,"Балин Александр, Белкин Владилен, Ваншенкин Константин, Векилов Мансур, Добронравов Николай, Кузовлева Татьяна, Марцинкявичюс Юстинас, Шлыгин Алексей",8,"2, 3, 28, 29, 30, 83, 84, 85",8,"7,1",27,"62,8"
1970,3,"Брехт Бертольт, Броневский Владислав, Гидаш Антал, Мартынов Леонид, Незвал Витезслав, Рывлин Аркадий, Терёхин Леонид, Хикмет Назым, Хыу То, Хьюз Ленгстон",10,"2, 3, 4, 37, 38, 71, 72, 73, 74",9,"8,0",29,"58,0"
1970,4,"Демидов Владимир, Жалсараев Дамба, Коржиков Виталий",3,"11, 34, 35, 36",4,"3,6",4,"20,0"
1970,5,"Барто Агния, Боков Виктор, Друнина Юлия, Каменецкий Юрий, Касаткин Михаил, Львов Михаил, Поперечный Анатолий, Проталин Валентин, Слуцкий Борис, Урин Виктор",10,"2, 3, 30, 31, 32, 33, 49, 61, 62, 63",10,"8,9",40,"61,5"
1970,6,"Бровка Петрусь, Винокуров Евгений, Дракохруст Александр, Калиниченко Владимир, Кравченко Игорь, Кулиев Кайсын, Медведев Александр, Мустафин Камиль",8,"2, 3, 4, 5, 38, 39, 65, 72",8,"7,1",28,"52,8"
1970,7,"Бернотас Альбинас, Гевелинг Александр, Дегутите Янина, Жигулин Анатолий, Костров Владимир, Латынин Леонид, Малдонис Альфонсас, Мориц Юнна, Шаламов Варлам, Шкода Вадим",10,"6, 7, 8, 9, 49, 61, 62, 69, 70",9,"8,0",39,"63,9"
1970,8,"Алиева Фазу, Амашукели Реваз, Ахмадулина Белла, Досталь Андрей, Кузовлева Татьяна, Кумратова Кельдихан, Левитанский Юрий, Саакян Арамаис, Сухарев Дмитрий, Сынгаевский Микола, Чуев Феликс, Шкляревский Игорь",12,"41, 42, 43, 49, 50, 51, 71, 72, 78",9,"8,0",29,"59,2"
1970,9,"Вагабзаде Бахтияр, Вознесенский Андрей, Годжа Фикрет, Кашежева Инна, Кюрчайлы Алиага, Тюкавин Иосиф, Фаик Мамед, Шефнер Вадим",8,"31, 32, 33, 42, 43, 44, 45, 46, 47, 71, 75, 81",12,"10,7",24,"52,2"
1970,10,"Берестов Валентин, Вегин Петр, Глазов Григорий, Дмитриев Олег, Казанцев Василий, Кропоткин Лев, Куняев Станислав, Танк Максим",8,"5, 6, 32, 38, 42, 43, 44, 62, 63",9,"8,0",39,"60,9"
1970,11,"Васильев Флор, Козловский Яков, Кузнецов Вадим, Кушнер Александр, Леонович Владимир, Павлычко Дмитро, Петренко Софья, Рябикин Арсений, Тарасов Николай, Чумаченко Иван",10,"2, 3, 4, 34, 35, 36, 56, 57, 78, 96, 99",11,"9,8",38,"63,3"
1970,12,"Аким Яков, Басуматрова Светлана, Голубков Дмитрий, Дрофенко Сергей, Иванов Александр, Кузнецов Валентин, Нестерова Елена, Новиков Николай, Нуруллаева Гульчехра, Остер Григорий, Ряшенцев Юрий, Савельев Владимир, Федорин Игорь",13,"2, 3, 40, 41, 42, 43, 51, 52, 53, 66, 67, 97, 106, 107",14,"12,5",51,"72,9"
1971,1,"Андреев Леонид, Антонов Вадим, Бердников Алексей, Бериашвили Бердия, Величанский Александр, Герасимов Олег, Гусаров Михаил, Гуткина Ася, Дубровкина Юлия, Жуков Александр, Картмазов Марат, Ковда Вадим, Курганов Сергей, Межирова Зоя, Одинцова Лада, Озеров Алексей, Петров Владимир, Портнягин Эрнст, Рогов Алексей, Смирнов Валентин, Топоровский Ян, Фархади Раим, Хромов Александр, Чеботарев Валерий, Шленский Владимир",25,"3, 4, 5, 6, 30, 31, 32, 33, 59, 65, 66, 67, 68, 84",14,"12,5",51,"68,9"
1971,2,"Балин Александр, Воронов Юрий, Кислик Наум, Кулиев Кайсын, Наровчатов Сергей, Ржавский Иосиф, Хелемский Яков, Хорошавцев Геннадий, Цакунов Олег",9,"19, 20, 21, 22, 49, 50, 51, 61, 65, 66",10,"8,9",26,"65,0"
1971,3,"Вальшонок Зиновий, Джемс Паттерсон, Калашников Геннадий, Мулдагалкев Джубан, Рождественский Роберт, Саакян Арамаис, Урин Виктор, Фархади Раим",8,"5, 6, 26, 27, 28, 29, 30, 94",8,"7,1",15,"55,6"
1971,4,"Бубнов Геннадий, Демидов Владимир, Жирмунская Тамара, Житинский Александр, Лисянский Марк, Лучковский Евгений, Мартынов Леонид, Романова Мария, Смирнов Юрий, Фролов Геннадий, Шамансур Юсуф",11,"12, 13, 14, 15, 30, 31, 32, 64",8,"7,1",28,"68,3"
1971,5,"Ваншенкин Константин, Долматовский Евгений, Друнина Юлия, Заурих Алексей, Квливидзе Михаил, Львов Михаил, Межиров Александр, Поперечный Анатолий, Порчхидзе Шалва, Торайгыров Султанмахмут",10,"14, 15, 16, 20, 21, 22, 60, 61, 82",9,"8,0",33,"62,3"
1971,6,"Боцу Павел, Даганов Абдулла, Доризо Николай, Завальнюк Леонид, Касаткин Михаил, Николаевская Елена, Смирнов Виктор, Соложенкина Светлана, Широков Виктор",9,"4, 23, 24, 25, 65, 70",6,"5,4",23,"50,0"
1971,7,"Белкин Владилен, Богучаров Александр, Гордейчев Владимир, Дементьев Андрей, Злотников Натан, Зумакулова Танзиля, Искандер Фазиль, Ковальджи Кирилл, Кружков Григорий, Куняев Станислав, Синельников Михаил, Храмов Евгений, Шкляревский Игорь",13,"31, 32, 33, 50, 51, 52, 56, 57, 58, 63, 70, 71, 79",13,"11,6",47,"69,1"
1971,8,"Антокольский Павел, Корнилов Владимир, Кручениюк Петря, Мовчан Павло, Невская Тамара, Окуджава Булат, Проталин Валентин, Рецептер Владимир, Рубцов Николай, Соколов Владимир, Суворина Екатерина, Ульянова Ираида, Шаповалов Михаил",13,"25, 26, 27, 48, 49, 50, 51, 52, 70, 77, 85",11,"9,8",35,"62,5"
1971,9,"Винокуров Евгений, Дрофенко Сергей, Козловский Яков, Коротаев Виктор, Ласуриа Мушни, Ревич Александр, Слуцкий Борис",7,"18, 19, 20, 21, 61, 62, 63, 64",8,"7,1",36,"70,6"
1971,10,"Белявская Вера, Ботвинник Семён, Голубков Дмитрий, Данилов Семён, Дмитриев Олег, Иванова Анна, Костюрин Диомид, Кочармин Николай, Рахманин Борис, Тряпкин Николай, Шерали Лоик, Шефнер Вадим",12,"2, 3, 15, 16, 17, 48, 49, 50, 51, 77",10,"8,9",35,"55,6"
1971,11,"Городницкий Александр, Коськов Лев, Павлинов Владимир, Пинчук Игорь, Рождественский Роберт, Роя Инара, Сухарев Дмитрий, Темин Леонид, Чуев Феликс, Шаламов Варлам",10,"50, 51, 52, 62, 63, 64, 65, 86, 89",9,"8,0",27,"65,9"
1971,12,"Алиханов Сергей, Ахматова Анна, Балашов Эдуард, Беляев Михаил, Вышеславский Леонид, Гринин Семён, Дариенко Петря, Кашежева Инна, Красавец Евгений, Латынин Леонид, Матвеева Новелла, Ошанин Лев, Пашков Юрий",13,"3, 4, 11, 12, 13, 52, 53, 62, 63, 64, 91",11,"9,8",35,"62,5"
1972,1,"Вознесенский Андрей, Герасимов Виктор, Година Николай, Грачёв Николай, Ефремов Евгений, Иванцов Герасим, Кац Генрих, Ковалев Константин, Кравченко Анатолий, Лавринович Владимир, Мнацаканян Сергей, Нысаналин Аян, Пахомов Виктор, Петрова Елена, Поликутин Евгений, Портнов Владимир, Поярков Игорь, Рязанова Алла, Смертина Татьяна, Таран Лев, Телегина Валентина, Титов Анатолий, Фенев Александр, Хубиев Назир, Щеглов Лев, Щербинский Николай",26,"3, 34, 35, 36, 37, 38, 41, 42, 43, 44, 48, 49, 50, 58, 68, 69, 70, 92",18,"16,1",52,"65,8"
1972,2,"Дементьев Андрей, Друнина Юлия, Карпеко Владимир, Коростылёва Валентина, Кулиев Кайсын, Мориц Юнна, Ряшенцев Юрий, Ушаков Николай, Фоос Юрий",9,"8, 9, 10, 52, 53, 59, 60, 61, 62, 93, 101",11,"9,8",39,"66,1"
1972,3,"Андреева Галя, Бедюров Бронтой, Бек Татьяна, Гевелинг Александр, Дружков Николай, Ззизов Курбаннахар, Коротич Виталий, Кушнер Александр, Михайлик Юрий, Михайлов Игорь, Михановский Владимир, Наровчатова Ольга, Озеров Лев, Смирнов Лев, Шкляревский Игорь",15,"2, 7, 8, 9, 35, 36, 37, 62, 63, 64",10,"8,9",33,"64,7"
1972,4,"Вознесенский Андрей, Евтушенко Евгений, Леонидзе Георгий, Мауленов Сырбай, Шаламов Варлам",5,"29, 30, 31, 32, 33, 58, 59, 60, 61, 69",10,"8,9",21,"56,8"
1972,5,"Дубровин Борис, Казанцев Василий, Прасолов Алексей, Савельев Владимир, Слуцкий Борис, Смеляков Ярослав, Старшинов Николай, Тарасов Николай, Чернов Юрий",9,"2, 3, 4, 28, 29, 30, 70, 81, 82",9,"8,0",35,"66,0"
1972,6,"Богучаров Александр, Боков Виктор, Ваншенкин Константин, Васильев Флор, Выборов Константин, Евсеева Светлана, Капутикян Сильва, Кузнецов Валентин, Лапцуй Леонид, Мартынов Леонид, Хожаназаров Улмамбет, Шевелев Александр",12,"42, 43, 44, 45, 56, 57, 58, 85, 96",9,"8,0",41,"61,2"
1972,7,"Бурабкин Геннадий, Гриезане Мара, Долинский Даниил, Карапетян Бабкен, Кислик Наум, Костров Владимир, Люшнин Григорий, Озеров Лев, Сухарев Дмитрий, Фоняков Илья, Щуплов Александр",11,"2, 12, 13, 32, 58, 59, 60, 63, 64, 65, 66, 67, 68, 92, 99",15,"13,4",41,"68,3"
1972,8,"Векилов Мансур, Дмитриев Олег, Кашежева Инна, Козловский Яков, Кузнецов Вадим, Кулиев Кайсын, Куняев Станислав, Мамытов Жолон, Улзытуев Дондок",9,"2, 3, 11, 12, 13, 22, 23, 24, 25, 26, 27, 28, 29, 30, 31, 32, 33, 34, 83, 84, 85",21,"18,8",35,"62,5"
1972,9,"Аксельрод Елена, Балин Абдужабор, Винокуров Евгений, Демидов Владимир, Кежун Бронислав, Коржиков Виталий, Кравцов Альберт, Кузовлева Татьяна, Лисянский Марк, Мелехин Павел, Рождественский Роберт, Саидов Алирза, Танк Максим, Фархади Раим",14,"11, 13, 14, 41, 42, 43, 44, 51, 52, 53, 54, 69",12,"10,7",40,"90,9"
1972,10,"Бардин Владимир, Злотников Натан, Медведев Александр, Мовчан Павло, Новруз Джабир, Парве Ральф, Чикатуев Минаэль",7,"29, 30, 31, 58, 59, 60, 91, 92, 93, 94, 103",11,"9,8",23,"54,8"
1972,11,"Белкин Владилен, Бериашвили Бердия, Глазов Григорий, Зумакулова Танзиля, Латынин Леонид, Левитанский Юрий, Львов Михаил, Мочос Яннис, Созаев Ахмат, Флёров Николай",10,"2, 29, 30, 31, 32, 52, 53, 63, 69",9,"8,0",29,"48,3"
1972,12,"Бромберг Давид, Вациетис Ояр, Вьюнник Леонид, Гамзатов Расул, Гулям Хамид, Дагуров Владимир, Исаковский М., Коротич Виталий, Кулиев Кайсын, Кумисбаев Утеген, Михайлов Игорь, Новиков Николай, Сеидов Мамед, Тальтс Яан, Файзулло Хабибулло, Хабибулло",16,"8, 26, 27, 28, 40, 41, 50, 51, 76, 77, 87, 90",12,"10,7",44,"61,1"
1973,1,"Гуринович Валерий, Даминов Дим, Дахие Макс, Дмитриев Николай, Евпатов Владимир, Кереселидзе Мтвариса, Коркия Виктор, Кочетов Владимир, Лысенко Геннадий, Пузырев Эдуард, Рыков Василий, Савостин Николай, Санина Рина, Сафиева Гулрухсор, Симкин Сэм, Тихменева Елена",16,"2, 3, 4, 44, 45, 56, 59, 60, 74, 75, 76",11,"9,8",43,"64,2"
1973,2,"Ваншенкин Константин, Ластовенко Борис, Савельев Иван, Тареев Евгений, Ушаков Николай, Хикмет Назым, Цыбин Владимир",7,"29, 31, 32, 55, 56, 57, 61, 62, 63",9,"8,0",30,"58,8"
1973,3,"Беляев Михаил, Васильева Лариса, Винокуров Евгений, Вознесенский Андрей, Галактион Табидзе, Глушаков Евгений, Дудин Михаил, Михеев Александр, Петровский-Теветкел Николай, Поженян Григорий, Творогова Валентина",11,"2, 3, 4, 5, 29, 67, 68, 69, 70, 71, 76",11,"9,8",39,"66,1"
1973,4,"Гулидов Евгений, Жилин Владимир, Кешоков Алим, Костров Владимир, Кравченко Анатолий, Мартынов Леонид, Ряшенцев Юрий, Самченко Егор, Чугай Ольга",9,"3, 4, 5, 6, 13, 14, 50, 66, 98",9,"8,0",28,"51,9"
1973,5,"Гевелинг Александр, Каноат Мумин",2,"3, 4, 5, 6, 7, 8, 9, 10, 11, 12, 13, 52",12,"10,7",3,"13,0"
1973,6,"Берестов Валентин, Вегин Петр, Дементьев Андрей, Дидуров Алексей, Казанцев Василий, Каневский Валерий, Роя Инара, Слуцкий Борис",8,"2, 3, 38, 39, 40, 45, 50, 61, 68",9,"8,0",38,"57,6"
1973,7,"Богучаров Александр, Гришин Александр, Жданов Игорь, Кугультинов Давид, Куняев Станислав, Сикорский Вадим, Сухарев Дмитрий, Шефнер Вадим",8,"2, 3, 4, 26, 27, 28, 55, 56, 95",9,"8,0",41,"63,1"
1973,8,"Даганов Абдулла, Дмитриев Олег, Завальнюк Леонид, Квливидзе Михаил, Пучков Владимир, Рогов Алексей, Старшинов Николай, Сулейменов Олжас, Шаламов Варлам, Шкляревский Игорь",10,"11, 12, 13, 29, 30, 57, 58, 59, 60, 78",10,"7,8",34,"60,7"
1973,9,"Бровка Петрусь, Дрофенко Сергей, Кузнецов Вадим, Кушнер Александр, Расул Рза, Смирнов Лев, Солнцев Роман, Соложенкина Светлана, Тряпкин Николай",9,"2, 3, 45, 46, 47, 61, 62, 63, 71",9,"8,0",29,"65,9"
1973,10,"Друнина Юлия, Мориц Юнна, Олейник Борис, Рецептер Владимир, Сидоров Валентин, Храмов Евгений, Эмин Геворг",7,"21, 22, 23, 41, 42, 43, 60, 61",8,"7,1",35,"63,6"
1973,11,"Агеев Николай, Алиханов Сергей, Давыдов Сергей, Дзасохов Музафер, Ефимов Моисей, Зумакулова Танзиля, Костюрин Диомид, Латынин Леонид, Нарзуллаев Нормурад, Шимкус Владас, Широков Виктор",11,"29, 30, 39, 40, 41, 42, 68, 69",8,"7,1",37,"61,7"
1973,12,"Данилов Семён, Кадрия, Лисянский Марк, Рахманин Борис, Смеляков Ярослав, Тарасенко Николай, Тарба Иван, Чухин Сергей, Шабанов Василий",9,"2, 3, 25, 26, 27, 62, 95",7,"6,3",28,"68,3"
1974,1,"Айтматов Чингиз, Васюков Александр, Дувин Юрий, Есипов Виктор, Кочетков Олег, Левенко Валерий, Лякишев Станислав, Маннашев Валерий, Путяева Ирина, Раун Отт, Филимонова Наталия, Цветков Алексей, Шерешев Вячеслав, Шигаев Юрий",14,"4, 5, 6, 35, 36, 37, 38, 71, 89",9,"8,0",36,"64,3"
1974,2,"Ваншенкин Константин, Веверис Эйжен, Злотников Натан, Кенжеев Бахыт, Слуцкий Борис, Смирнов Николай, Хонинов Михаил",7,"19, 20, 21, 51, 52, 59, 60, 61, 62",9,"8,0",37,"63,8"
1974,3,"Боков Виктор, Виеру Григоре, Грешилова Вера, Дидуров Алексей, Кашежева Инна, Мартынов Леонид, Никонычев Юрий, Нуруллаева Гульчехра, Шкляревский Игорь",9,"2, 3, 4, 24, 25, 58, 59, 79, 93, 94",10,"8,9",45,"71,4"
1974,4,"Бадаев Алексей, Беспалько Владимир, Павлинов Владимир, Рождественский Роберт, Самойлов Давид, Сосенков Михаил, Халупский Игорь, Шефнер Вадим",8,"5, 6, 7, 28, 67, 75, 85, 86, 87",9,"8,0",35,"55,6"
1974,5,"Андреев Владимир, Бабаев Эдуард, Воронько Платон, Кузнецов Валентин, Леонович Владимир, Савельев Иван, Семашкевич Рыгор, Слуцкий Борис, Смирнов Виктор, Топоровский Ян, Трофименко Владимир, Шерешевский Лазарь, Яшин Михаил",13,"12, 13, 18, 19, 20, 21, 35, 41, 42, 63, 102",11,"9,8",37,"66,1"
1974,6,"Ковда Вадим, Куняев Станислав, Поцхишвили Морис",3,"38, 39, 40",3,"2,7",13,"35,1"
1974,7,"Волгин Игорь, Дмитриев Олег, Искандер Фазиль, Левин Роман, Луйк Вийви, Мориц Юнна, Преловский Анатолий, Савельев Владимир, Цыбин Владимир",9,"26, 27, 28, 29, 60, 61, 62, 77",8,"7,1",28,"58,3"
1974,8,"Арипов Абдулла, Баруздин Сергей, Бобков Сергей, Неруда Пабло, Олзоева Людмила, Романов Александр, Смирнов Юрий, Сухарев Дмитрий, Чухонцев Олег",9,"2, 3, 34, 35, 74, 75, 76, 77, 99, 100",10,"8,9",35,"70,0"
1974,9,"Горбовский Глеб, Корин Григорий, Кулиев Кайсын, Михайлик Юрий, Николенко Виктор, Роя Инара, Соколов Владимир, Устинов Валентин, Эминов Омтем, Юдахин Александр",10,"7, 8, 9, 19, 20, 40, 41, 66",8,"7,1",35,"63,6"
1974,10,"Берестов Валентин, Головенчиц Михаил, Грачёв Николай, Жилин Владимир, Калиниченко Владимир, Козловский Яков, Коротич Виталий, Мовчан Павло, Пляцковский Михаил, Фархади Раим, Широков Виктор",11,"2, 3, 25, 26, 35, 36, 42, 59, 75, 99",10,"8,9",35,"67,3"
1974,11,"Антонович Александр, Бартель Курт, Вешович Радоня, Галчинский К.И., Григорьева Надежда, Девечери Габор, Думбраве Николае, Загович Радован, Кракар Лойзе, Крно Милош, Кунерт Гюнтер, Кунтнер Тоне, Левчев Любомир, Марцинкявичюс Юстинас, Огнев Владимир, Пальчинскайте Виолетта, Пшибось Юлиан, Райзел Владимир, Сабо Леринц, Сарайлич Изет, Сергеев Владимир, Симкин Сэм, Соложенкина Светлана, Терен Иван, Фоняков Илья, Шаламов Варлам, Шевелев Александр",27,"2, 3, 4, 5, 6, 7, 8, 27, 28, 29, 35, 74, 75",13,"11,6",51,"64,6"
1974,12,"Богучаров Александр, Вагабзаде Бахтияр, Вегин Петр, Долинский Даниил, Драч Иван, Коркия Виктор, Кушнер Александр, Латынин Леонид, Лисянский Марк, Панченко Николай, Прозорова Людмила",11,"2, 15, 16, 17, 40, 41, 74, 75, 76",9,"8,0",36,"64,3"